{
  "full_density_matrix_real": [
    [
      0.06572500000000003,
      0.0578459640986301,
      -2.758066355229905e-49,
      -2.864045191662561e-51,
      -2.3676417216198963e-49,
      -3.018968709102393e-51,
      0.042927919236785766,
      0.03847500000000001
    ],
    [
      0.0578459640986301,
      0.11713975000000004,
      2.864045191662561e-51,
      2.758066355229905e-49,
      3.018968709102393e-51,
      2.3676417216198963e-49,
      0.03847500000000001,
      0.09712382434616651
    ],
    [
      -2.873099824547092e-49,
      2.864045191662561e-51,
      0.20927500000000007,
      0.1769531521688721,
      0.19424290527584276,
      0.16402500000000003,
      -2.488897645017698e-49,
      3.018968709102393e-51
    ],
    [
      -2.864045191662561e-51,
      2.873099824547092e-49,
      0.1769531521688721,
      0.15786025000000004,
      0.16402500000000003,
      0.140047000166462,
      -3.018968709102393e-51,
      2.488897645017698e-49
    ],
    [
      -2.488897645017698e-49,
      3.018968709102393e-51,
      0.19424290527584276,
      0.16402500000000003,
      0.18427500000000005,
      0.15560777796273553,
      -2.3611756263855464e-49,
      2.86404519166256e-51
    ],
    [
      -3.018968709102393e-51,
      2.488897645017698e-49,
      0.16402500000000003,
      0.140047000166462,
      0.15560777796273553,
      0.13286025,
      -2.86404519166256e-51,
      2.3611756263855464e-49
    ],
    [
      0.042927919236785766,
      0.03847500000000001,
      -2.3676417216198963e-49,
      -3.018968709102393e-51,
      -2.2461421570683597e-49,
      -2.86404519166256e-51,
      0.04072500000000001,
      0.03650058989249353
    ],
    [
      0.03847500000000001,
      0.09712382434616651,
      3.018968709102393e-51,
      2.3676417216198963e-49,
      2.86404519166256e-51,
      2.2461421570683597e-49,
      0.03650058989249353,
      0.09213975000000002
    ]
  ],
  "qubit_analysis": [
    {
      "Qubit": 0,
      "Bloch_X": 1.707629936490925,
      "Bloch_Y": 6.162975822039155e-33,
      "Bloch_Z": 2.220446049250313e-16,
      "DensityMatrix_Re00": 0.5000000000000002,
      "DensityMatrix_Re11": 0.5000000000000001,
      "Purity": 